"iteration","r_squared"
1,0.000196574831532369
2,0.000318722198840576
3,0.00212380644968206
4,0.000868151293194102
5,0.00455252041909564
6,0.000138181895861496
7,0.00256407605861562
8,1.56631696268109e-06
9,2.17458475598306e-05
10,0.00138513994305148
11,0.0028504798905421
12,0.00328414704404643
13,0.00126213201654039
14,0.000789760152076178
15,3.93207945508992e-05
16,6.50610961729744e-05
17,0.00245042383072717
18,9.80244893001347e-05
19,0.000232879689776174
20,6.99843849007039e-07
21,0.00311475672176162
22,0.00766655671662287
23,0.000699712234231309
24,0.000614364363982593
25,0.0026535124735567
26,0.00193757981504619
27,6.41021543125606e-05
28,0.000867473887783041
29,2.97099278109602e-07
30,2.72105749290135e-06
31,2.97107246760456e-06
32,0.00021772221030792
33,0.000861723086526602
34,0.00150334032470367
35,7.838555472772e-05
36,0.000436181865379978
37,0.00414933008606809
38,0.00375477556775785
39,0.00231366325285693
40,0.000361853497389411
41,0.000207942756607028
42,0.000357367908384929
43,0.000989777501206517
44,0.00640474643271429
45,4.34372123448341e-05
46,6.88178461135756e-05
47,0.00320230506540925
48,0.00130183494037772
49,0.00098165981767325
50,0.00032686793411302
51,0.000818998339203148
52,0.00168367226455241
53,0.00143174645756321
54,0.00325834575163689
55,1.05425232334649e-05
56,2.85448467987565e-05
57,0.000366798730891924
58,0.000597730294557662
59,0.000949366860460442
60,0.000926308707406488
61,0.00253066935843798
62,0.00012196912804673
63,0.00237951737963885
64,0.00324671091891546
65,0.006915353307684
66,0.000421784341967244
67,0.000696351507518213
68,0.0128030650937115
69,0.00123448489450876
70,0.00771756013590226
71,0.000160255530587098
72,0.00374229995651074
73,0.0001768775603056
74,0.00236659102673194
75,0.00127963569483191
76,0.00219947093123567
77,0.00126555130744687
78,0.000644230183050795
79,0.000474825588775829
80,0.00614457574085469
81,0.00727785802250466
82,0.00132890860858591
83,0.00055215318181156
84,0.00106394474609761
85,0.00726843324985319
86,0.00129632068745589
87,0.000134917912049846
88,0.000521594949954986
89,7.7126479969816e-05
90,0.0093241026991352
91,4.50132902514588e-06
92,0.000300355445888433
93,1.79245446208451e-05
94,0.00286640000090299
95,0.00152608963186994
96,0.000588266249770339
97,0.000520906937896755
98,0.00235255359964405
99,0.000441627821414033
100,0.00119754092394925
