trait_index,ukb_field_id
1,21110
2,21111
3,21112
4,21116
5,21113
6,21117
7,21114
8,21118
9,21119
10,21120
11,21121
12,21123
13,21124
14,21125
15,21128
16,21126
17,21129
18,21127
19,21130
20,21131
21,21132
22,21133
23,21122
24,21134
25,21135
26,23244
27,23245
28,23246
29,23247
30,23248
31,23249
32,23253
33,23250
34,23254
35,23251
36,23255
37,23252
38,23256
39,23257
40,23258
41,23259
42,23260
43,23261
44,23262
45,23263
46,23264
47,23265
48,23266
49,23270
50,23267
51,23271
52,23268
53,23272
54,23269
55,23273
56,23274
57,23275
58,23276
59,23277
60,23278
61,23279
62,23280
63,23281
64,23282
65,23283
66,23284
67,23285
68,23286
69,23287
70,23288
71,23289
